event-id,visible,timestamp,location-long,location-lat,comments,sensor-type,individual-taxon-canonical-name,tag-local-identifier,individual-local-identifier,study-name
27199244721,true,2004-05-01 00:54:12.000,16.078,2.191,"B","argos-doppler-shift",,"#2784433468","46179","Elephant Research - Lobeke National Park (Cameroon) - Collar 46179"
27199244722,true,2004-05-01 04:06:52.000,16.077,2.184,"B","argos-doppler-shift",,"#2784433468","46179","Elephant Research - Lobeke National Park (Cameroon) - Collar 46179"
27199244723,true,2004-05-01 04:59:13.000,16.077,2.179,"3","argos-doppler-shift",,"#2784433468","46179","Elephant Research - Lobeke National Park (Cameroon) - Collar 46179"
27199244724,true,2004-05-01 06:50:32.000,16.052,2.192,"2","argos-doppler-shift",,"#2784433468","46179","Elephant Research - Lobeke National Park (Cameroon) - Collar 46179"
27199244725,true,2004-05-02 00:42:59.000,16.075,2.173,"3","argos-doppler-shift",,"#2784433468","46179","Elephant Research - Lobeke National Park (Cameroon) - Collar 46179"
27199244726,true,2004-05-02 06:14:24.000,16.076,2.175,"2","argos-doppler-shift",,"#2784433468","46179","Elephant Research - Lobeke National Park (Cameroon) - Collar 46179"
27199244727,true,2004-05-02 06:37:17.000,16.084,2.171,"3","argos-doppler-shift",,"#2784433468","46179","Elephant Research - Lobeke National Park (Cameroon) - Collar 46179"
27199244728,true,2004-05-03 03:19:00.000,16.069,2.193,"B","argos-doppler-shift",,"#2784433468","46179","Elephant Research - Lobeke National Park (Cameroon) - Collar 46179"
27199244729,true,2004-05-03 06:23:31.000,16.071,2.204,"B","argos-doppler-shift",,"#2784433468","46179","Elephant Research - Lobeke National Park (Cameroon) - Collar 46179"
27199244730,true,2004-05-04 02:55:34.000,16.078,2.177,"B","argos-doppler-shift",,"#2784433468","46179","Elephant Research - Lobeke National Park (Cameroon) - Collar 46179"
27199244731,true,2004-05-04 05:29:05.000,16.016,2.194,"1","argos-doppler-shift",,"#2784433468","46179","Elephant Research - Lobeke National Park (Cameroon) - Collar 46179"
27199244732,true,2004-05-05 01:49:58.000,16.06,2.201,"B","argos-doppler-shift",,"#2784433468","46179","Elephant Research - Lobeke National Park (Cameroon) - Collar 46179"
27199244733,true,2004-05-05 05:05:09.000,16.077,2.177,"3","argos-doppler-shift",,"#2784433468","46179","Elephant Research - Lobeke National Park (Cameroon) - Collar 46179"
27199244734,true,2004-05-06 01:37:43.000,16.057,2.183,"A","argos-doppler-shift",,"#2784433468","46179","Elephant Research - Lobeke National Park (Cameroon) - Collar 46179"
27199244735,true,2004-05-06 03:46:50.000,16.014,2.202,"B","argos-doppler-shift",,"#2784433468","46179","Elephant Research - Lobeke National Park (Cameroon) - Collar 46179"
27199244736,true,2004-05-06 04:40:12.000,16.063,2.178,"A","argos-doppler-shift",,"#2784433468","46179","Elephant Research - Lobeke National Park (Cameroon) - Collar 46179"
27199244737,true,2004-05-06 06:19:20.000,16.066,2.19,"B","argos-doppler-shift",,"#2784433468","46179","Elephant Research - Lobeke National Park (Cameroon) - Collar 46179"
27199244738,true,2004-05-06 07:27:27.000,16.057,2.184,"3","argos-doppler-shift",,"#2784433468","46179","Elephant Research - Lobeke National Park (Cameroon) - Collar 46179"
27199244739,true,2004-05-07 01:26:30.000,16.066,2.188,"3","argos-doppler-shift",,"#2784433468","46179","Elephant Research - Lobeke National Park (Cameroon) - Collar 46179"
27199244740,true,2004-05-07 05:57:56.000,16.07,2.182,"A","argos-doppler-shift",,"#2784433468","46179","Elephant Research - Lobeke National Park (Cameroon) - Collar 46179"
27199244741,true,2004-05-08 05:34:00.000,16.058,2.184,"A","argos-doppler-shift",,"#2784433468","46179","Elephant Research - Lobeke National Park (Cameroon) - Collar 46179"
27199244742,true,2004-05-09 01:04:03.000,16.081,2.175,"3","argos-doppler-shift",,"#2784433468","46179","Elephant Research - Lobeke National Park (Cameroon) - Collar 46179"
27199244743,true,2004-05-09 04:11:07.000,16.075,2.182,"A","argos-doppler-shift",,"#2784433468","46179","Elephant Research - Lobeke National Park (Cameroon) - Collar 46179"
27199244744,true,2004-05-09 05:11:36.000,16.077,2.176,"3","argos-doppler-shift",,"#2784433468","46179","Elephant Research - Lobeke National Park (Cameroon) - Collar 46179"
27199244745,true,2004-05-10 03:47:41.000,16.06,2.182,"3","argos-doppler-shift",,"#2784433468","46179","Elephant Research - Lobeke National Park (Cameroon) - Collar 46179"
27199244746,true,2004-05-10 04:47:40.000,16.075,2.181,"3","argos-doppler-shift",,"#2784433468","46179","Elephant Research - Lobeke National Park (Cameroon) - Collar 46179"
27199244747,true,2004-05-11 00:41:36.000,16.077,2.175,"3","argos-doppler-shift",,"#2784433468","46179","Elephant Research - Lobeke National Park (Cameroon) - Collar 46179"
27199244748,true,2004-05-11 03:21:43.000,16.079,2.181,"B","argos-doppler-shift",,"#2784433468","46179","Elephant Research - Lobeke National Park (Cameroon) - Collar 46179"
27199244749,true,2004-05-11 06:01:20.000,16.071,2.18,"B","argos-doppler-shift",,"#2784433468","46179","Elephant Research - Lobeke National Park (Cameroon) - Collar 46179"
27199244750,true,2004-05-11 06:22:41.000,16.081,2.182,"B","argos-doppler-shift",,"#2784433468","46179","Elephant Research - Lobeke National Park (Cameroon) - Collar 46179"
27199244751,true,2004-05-12 00:29:22.000,16.074,2.184,"A","argos-doppler-shift",,"#2784433468","46179","Elephant Research - Lobeke National Park (Cameroon) - Collar 46179"
27199244752,true,2004-05-12 05:39:57.000,16.064,2.181,"A","argos-doppler-shift",,"#2784433468","46179","Elephant Research - Lobeke National Park (Cameroon) - Collar 46179"
27199244753,true,2004-05-13 02:00:19.000,16.042,2.197,"B","argos-doppler-shift",,"#2784433468","46179","Elephant Research - Lobeke National Park (Cameroon) - Collar 46179"
27199244754,true,2004-05-13 02:32:51.000,16.079,2.167,"A","argos-doppler-shift",,"#2784433468","46179","Elephant Research - Lobeke National Park (Cameroon) - Collar 46179"
27199244755,true,2004-05-13 05:18:03.000,16.082,2.183,"2","argos-doppler-shift",,"#2784433468","46179","Elephant Research - Lobeke National Park (Cameroon) - Collar 46179"
27199244756,true,2004-05-14 03:48:33.000,16.068,2.179,"A","argos-doppler-shift",,"#2784433468","46179","Elephant Research - Lobeke National Park (Cameroon) - Collar 46179"
27199244757,true,2004-05-14 04:53:06.000,16.077,2.175,"3","argos-doppler-shift",,"#2784433468","46179","Elephant Research - Lobeke National Park (Cameroon) - Collar 46179"
27199244758,true,2004-05-14 07:24:35.000,16.07,2.187,"3","argos-doppler-shift",,"#2784433468","46179","Elephant Research - Lobeke National Park (Cameroon) - Collar 46179"
27199244759,true,2004-05-15 01:35:50.000,16.069,2.171,"3","argos-doppler-shift",,"#2784433468","46179","Elephant Research - Lobeke National Park (Cameroon) - Collar 46179"
27199244760,true,2004-05-15 03:24:06.000,16.078,2.169,"3","argos-doppler-shift",,"#2784433468","46179","Elephant Research - Lobeke National Park (Cameroon) - Collar 46179"
27199244761,true,2004-05-15 07:11:50.000,16.073,2.177,"A","argos-doppler-shift",,"#2784433468","46179","Elephant Research - Lobeke National Park (Cameroon) - Collar 46179"
27199244762,true,2004-05-16 01:24:37.000,16.061,2.181,"3","argos-doppler-shift",,"#2784433468","46179","Elephant Research - Lobeke National Park (Cameroon) - Collar 46179"
27199244763,true,2004-05-16 02:59:40.000,16.077,2.177,"A","argos-doppler-shift",,"#2784433468","46179","Elephant Research - Lobeke National Park (Cameroon) - Collar 46179"
27199244764,true,2004-05-16 05:44:52.000,16.066,2.181,"A","argos-doppler-shift",,"#2784433468","46179","Elephant Research - Lobeke National Park (Cameroon) - Collar 46179"
27199244765,true,2004-05-16 06:59:05.000,16.062,2.184,"3","argos-doppler-shift",,"#2784433468","46179","Elephant Research - Lobeke National Park (Cameroon) - Collar 46179"
27199244766,true,2004-05-17 01:13:54.000,16.129,2.162,"0","argos-doppler-shift",,"#2784433468","46179","Elephant Research - Lobeke National Park (Cameroon) - Collar 46179"
27199244767,true,2004-05-17 05:22:58.000,16.098,2.178,"A","argos-doppler-shift",,"#2784433468","46179","Elephant Research - Lobeke National Park (Cameroon) - Collar 46179"
27199244768,true,2004-05-18 01:02:40.000,16.075,2.177,"2","argos-doppler-shift",,"#2784433468","46179","Elephant Research - Lobeke National Park (Cameroon) - Collar 46179"
27199244769,true,2004-05-18 04:58:01.000,16.078,2.181,"A","argos-doppler-shift",,"#2784433468","46179","Elephant Research - Lobeke National Park (Cameroon) - Collar 46179"
27199244770,true,2004-05-19 00:50:26.000,16.077,2.171,"2","argos-doppler-shift",,"#2784433468","46179","Elephant Research - Lobeke National Park (Cameroon) - Collar 46179"
27199244771,true,2004-05-19 03:27:30.000,16.081,2.18,"3","argos-doppler-shift",,"#2784433468","46179","Elephant Research - Lobeke National Park (Cameroon) - Collar 46179"
27199244772,true,2004-05-20 00:37:41.000,16.076,2.183,"A","argos-doppler-shift",,"#2784433468","46179","Elephant Research - Lobeke National Park (Cameroon) - Collar 46179"
27199244773,true,2004-05-21 00:25:26.000,16.106,2.173,"B","argos-doppler-shift",,"#2784433468","46179","Elephant Research - Lobeke National Park (Cameroon) - Collar 46179"
27199244774,true,2004-05-21 05:27:23.000,16.011,2.197,"0","argos-doppler-shift",,"#2784433468","46179","Elephant Research - Lobeke National Park (Cameroon) - Collar 46179"
27199244775,true,2004-05-22 05:03:58.000,16.079,2.184,"A","argos-doppler-shift",,"#2784433468","46179","Elephant Research - Lobeke National Park (Cameroon) - Collar 46179"
27199244776,true,2004-05-22 07:21:43.000,16.065,2.188,"A","argos-doppler-shift",,"#2784433468","46179","Elephant Research - Lobeke National Park (Cameroon) - Collar 46179"
27199244777,true,2004-05-23 07:11:00.000,16.068,2.189,"A","argos-doppler-shift",,"#2784433468","46179","Elephant Research - Lobeke National Park (Cameroon) - Collar 46179"
27199244778,true,2004-05-24 01:34:58.000,16.069,2.182,"3","argos-doppler-shift",,"#2784433468","46179","Elephant Research - Lobeke National Park (Cameroon) - Collar 46179"
27199244779,true,2004-05-24 06:58:45.000,16.048,2.198,"B","argos-doppler-shift",,"#2784433468","46179","Elephant Research - Lobeke National Park (Cameroon) - Collar 46179"
27199244780,true,2004-05-25 05:33:19.000,16.062,2.18,"2","argos-doppler-shift",,"#2784433468","46179","Elephant Research - Lobeke National Park (Cameroon) - Collar 46179"
27199244781,true,2004-05-26 01:12:00.000,16.098,2.18,"2","argos-doppler-shift",,"#2784433468","46179","Elephant Research - Lobeke National Park (Cameroon) - Collar 46179"
27199244782,true,2004-05-27 03:28:42.000,16.074,2.18,"A","argos-doppler-shift",,"#2784433468","46179","Elephant Research - Lobeke National Park (Cameroon) - Collar 46179"
27199244783,true,2004-05-28 00:49:03.000,16.076,2.18,"3","argos-doppler-shift",,"#2784433468","46179","Elephant Research - Lobeke National Park (Cameroon) - Collar 46179"
27199244784,true,2004-05-29 05:37:13.000,16.065,2.186,"A","argos-doppler-shift",,"#2784433468","46179","Elephant Research - Lobeke National Park (Cameroon) - Collar 46179"
27199244785,true,2004-05-30 03:56:32.000,16.048,2.162,"3","argos-doppler-shift",,"#2784433468","46179","Elephant Research - Lobeke National Park (Cameroon) - Collar 46179"
27199244786,true,2004-05-30 05:13:48.000,16.051,2.142,"2","argos-doppler-shift",,"#2784433468","46179","Elephant Research - Lobeke National Park (Cameroon) - Collar 46179"
27199244787,true,2004-05-30 07:21:23.000,16.06,2.158,"B","argos-doppler-shift",,"#2784433468","46179","Elephant Research - Lobeke National Park (Cameroon) - Collar 46179"
27199244788,true,2004-05-31 03:32:06.000,16.053,2.135,"A","argos-doppler-shift",,"#2784433468","46179","Elephant Research - Lobeke National Park (Cameroon) - Collar 46179"
27199244789,true,2004-05-31 07:09:39.000,16.039,2.138,"A","argos-doppler-shift",,"#2784433468","46179","Elephant Research - Lobeke National Park (Cameroon) - Collar 46179"
27199244790,true,2004-06-01 01:44:17.000,16.025,2.147,"B","argos-doppler-shift",,"#2784433468","46179","Elephant Research - Lobeke National Park (Cameroon) - Collar 46179"
27199244791,true,2004-06-01 04:30:00.000,16.044,2.123,"A","argos-doppler-shift",,"#2784433468","46179","Elephant Research - Lobeke National Park (Cameroon) - Collar 46179"
27199244792,true,2004-06-01 06:56:24.000,16.022,2.126,"2","argos-doppler-shift",,"#2784433468","46179","Elephant Research - Lobeke National Park (Cameroon) - Collar 46179"
27199244793,true,2004-06-02 04:23:21.000,16.047,2.119,"B","argos-doppler-shift",,"#2784433468","46179","Elephant Research - Lobeke National Park (Cameroon) - Collar 46179"
27199244794,true,2004-06-02 05:45:12.000,16.046,2.118,"2","argos-doppler-shift",,"#2784433468","46179","Elephant Research - Lobeke National Park (Cameroon) - Collar 46179"
27199244795,true,2004-06-02 06:43:39.000,16.058,2.116,"A","argos-doppler-shift",,"#2784433468","46179","Elephant Research - Lobeke National Park (Cameroon) - Collar 46179"
27199244796,true,2004-06-03 01:20:19.000,16.034,2.127,"2","argos-doppler-shift",,"#2784433468","46179","Elephant Research - Lobeke National Park (Cameroon) - Collar 46179"
27199244797,true,2004-06-03 05:20:45.000,16.081,2.114,"2","argos-doppler-shift",,"#2784433468","46179","Elephant Research - Lobeke National Park (Cameroon) - Collar 46179"
27199244798,true,2004-06-03 06:32:26.000,16.066,2.116,"3","argos-doppler-shift",,"#2784433468","46179","Elephant Research - Lobeke National Park (Cameroon) - Collar 46179"
27199244799,true,2004-06-04 01:09:36.000,16.064,2.125,"2","argos-doppler-shift",,"#2784433468","46179","Elephant Research - Lobeke National Park (Cameroon) - Collar 46179"
27199244800,true,2004-06-04 04:55:48.000,16.045,2.126,"A","argos-doppler-shift",,"#2784433468","46179","Elephant Research - Lobeke National Park (Cameroon) - Collar 46179"
27199244801,true,2004-06-05 00:57:52.000,16.043,2.122,"A","argos-doppler-shift",,"#2784433468","46179","Elephant Research - Lobeke National Park (Cameroon) - Collar 46179"
27199244802,true,2004-06-06 00:46:39.000,16.051,2.124,"A","argos-doppler-shift",,"#2784433468","46179","Elephant Research - Lobeke National Park (Cameroon) - Collar 46179"
27199244803,true,2004-06-06 05:49:36.000,16.036,2.121,"A","argos-doppler-shift",,"#2784433468","46179","Elephant Research - Lobeke National Park (Cameroon) - Collar 46179"
27199244804,true,2004-06-06 07:33:18.000,16.037,2.116,"A","argos-doppler-shift",,"#2784433468","46179","Elephant Research - Lobeke National Park (Cameroon) - Collar 46179"
27199244805,true,2004-06-07 00:33:54.000,16.045,2.148,"B","argos-doppler-shift",,"#2784433468","46179","Elephant Research - Lobeke National Park (Cameroon) - Collar 46179"
27199244806,true,2004-06-08 03:34:19.000,16.056,2.122,"2","argos-doppler-shift",,"#2784433468","46179","Elephant Research - Lobeke National Park (Cameroon) - Collar 46179"
27199244807,true,2004-06-08 07:09:20.000,16.038,2.127,"3","argos-doppler-shift",,"#2784433468","46179","Elephant Research - Lobeke National Park (Cameroon) - Collar 46179"
27199244808,true,2004-06-09 01:54:08.000,16.049,2.122,"2","argos-doppler-shift",,"#2784433468","46179","Elephant Research - Lobeke National Park (Cameroon) - Collar 46179"
27199244809,true,2004-06-09 06:54:33.000,16.01,2.134,"A","argos-doppler-shift",,"#2784433468","46179","Elephant Research - Lobeke National Park (Cameroon) - Collar 46179"
27199244810,true,2004-06-10 01:40:52.000,16.06,2.159,"B","argos-doppler-shift",,"#2784433468","46179","Elephant Research - Lobeke National Park (Cameroon) - Collar 46179"
27199244811,true,2004-06-10 05:55:32.000,16.062,2.14,"A","argos-doppler-shift",,"#2784433468","46179","Elephant Research - Lobeke National Park (Cameroon) - Collar 46179"
27199244812,true,2004-06-10 06:42:49.000,16.076,2.139,"3","argos-doppler-shift",,"#2784433468","46179","Elephant Research - Lobeke National Park (Cameroon) - Collar 46179"
27199244813,true,2004-06-11 01:29:39.000,16.036,2.128,"3","argos-doppler-shift",,"#2784433468","46179","Elephant Research - Lobeke National Park (Cameroon) - Collar 46179"
27199244814,true,2004-06-11 04:01:08.000,16.04,2.127,"2","argos-doppler-shift",,"#2784433468","46179","Elephant Research - Lobeke National Park (Cameroon) - Collar 46179"
27199244815,true,2004-06-11 05:30:36.000,16.028,2.129,"2","argos-doppler-shift",,"#2784433468","46179","Elephant Research - Lobeke National Park (Cameroon) - Collar 46179"
27199244816,true,2004-06-11 06:30:04.000,16.049,2.123,"A","argos-doppler-shift",,"#2784433468","46179","Elephant Research - Lobeke National Park (Cameroon) - Collar 46179"
27199244817,true,2004-06-12 05:06:40.000,16.029,2.15,"3","argos-doppler-shift",,"#2784433468","46179","Elephant Research - Lobeke National Park (Cameroon) - Collar 46179"
27199244818,true,2004-06-12 06:16:49.000,16.031,2.151,"2","argos-doppler-shift",,"#2784433468","46179","Elephant Research - Lobeke National Park (Cameroon) - Collar 46179"
27199244819,true,2004-06-13 01:06:42.000,16.055,2.124,"A","argos-doppler-shift",,"#2784433468","46179","Elephant Research - Lobeke National Park (Cameroon) - Collar 46179"
27199244820,true,2004-06-13 04:44:46.000,16.045,2.125,"3","argos-doppler-shift",,"#2784433468","46179","Elephant Research - Lobeke National Park (Cameroon) - Collar 46179"
27199244821,true,2004-06-14 00:55:59.000,16.06,2.137,"3","argos-doppler-shift",,"#2784433468","46179","Elephant Research - Lobeke National Park (Cameroon) - Collar 46179"
27199244822,true,2004-06-15 00:43:44.000,16.072,2.125,"3","argos-doppler-shift",,"#2784433468","46179","Elephant Research - Lobeke National Park (Cameroon) - Collar 46179"
27199244823,true,2004-06-15 05:36:32.000,16.068,2.127,"3","argos-doppler-shift",,"#2784433468","46179","Elephant Research - Lobeke National Park (Cameroon) - Collar 46179"
27199244824,true,2004-06-16 00:33:32.000,16.045,2.117,"B","argos-doppler-shift",,"#2784433468","46179","Elephant Research - Lobeke National Park (Cameroon) - Collar 46179"
27199244825,true,2004-06-16 05:14:07.000,16.068,2.125,"3","argos-doppler-shift",,"#2784433468","46179","Elephant Research - Lobeke National Park (Cameroon) - Collar 46179"
27199244826,true,2004-06-17 02:02:57.000,16.059,2.125,"A","argos-doppler-shift",,"#2784433468","46179","Elephant Research - Lobeke National Park (Cameroon) - Collar 46179"
27199244827,true,2004-06-17 04:50:11.000,16.062,2.125,"3","argos-doppler-shift",,"#2784433468","46179","Elephant Research - Lobeke National Park (Cameroon) - Collar 46179"
27199244828,true,2004-06-17 06:54:44.000,16.028,2.139,"1","argos-doppler-shift",,"#2784433468","46179","Elephant Research - Lobeke National Park (Cameroon) - Collar 46179"
27199244829,true,2004-06-18 01:50:12.000,16.051,2.123,"A","argos-doppler-shift",,"#2784433468","46179","Elephant Research - Lobeke National Park (Cameroon) - Collar 46179"
27199244830,true,2004-06-18 02:48:09.000,16.066,2.122,"B","argos-doppler-shift",,"#2784433468","46179","Elephant Research - Lobeke National Park (Cameroon) - Collar 46179"
27199244831,true,2004-06-18 06:05:23.000,16.054,2.126,"2","argos-doppler-shift",,"#2784433468","46179","Elephant Research - Lobeke National Park (Cameroon) - Collar 46179"
27199244832,true,2004-06-18 06:40:58.000,16.066,2.122,"3","argos-doppler-shift",,"#2784433468","46179","Elephant Research - Lobeke National Park (Cameroon) - Collar 46179"
27199244833,true,2004-06-19 01:38:28.000,16.055,2.124,"2","argos-doppler-shift",,"#2784433468","46179","Elephant Research - Lobeke National Park (Cameroon) - Collar 46179"
27199244834,true,2004-06-19 04:03:51.000,16.055,2.124,"A","argos-doppler-shift",,"#2784433468","46179","Elephant Research - Lobeke National Park (Cameroon) - Collar 46179"
27199244835,true,2004-06-19 05:42:58.000,16.058,2.128,"3","argos-doppler-shift",,"#2784433468","46179","Elephant Research - Lobeke National Park (Cameroon) - Collar 46179"
27199244836,true,2004-06-19 06:27:12.000,16.069,2.13,"B","argos-doppler-shift",,"#2784433468","46179","Elephant Research - Lobeke National Park (Cameroon) - Collar 46179"
27199244837,true,2004-06-20 01:27:45.000,16.056,2.126,"3","argos-doppler-shift",,"#2784433468","46179","Elephant Research - Lobeke National Park (Cameroon) - Collar 46179"
27199244838,true,2004-06-20 05:19:03.000,16.073,2.121,"2","argos-doppler-shift",,"#2784433468","46179","Elephant Research - Lobeke National Park (Cameroon) - Collar 46179"
27199244839,true,2004-06-20 06:16:29.000,16.051,2.116,"B","argos-doppler-shift",,"#2784433468","46179","Elephant Research - Lobeke National Park (Cameroon) - Collar 46179"
27199244840,true,2004-06-21 04:55:07.000,16.063,2.121,"3","argos-doppler-shift",,"#2784433468","46179","Elephant Research - Lobeke National Park (Cameroon) - Collar 46179"
27199244841,true,2004-06-21 06:01:42.000,16.083,2.102,"B","argos-doppler-shift",,"#2784433468","46179","Elephant Research - Lobeke National Park (Cameroon) - Collar 46179"
27199244842,true,2004-06-22 01:06:50.000,16.063,2.112,"2","argos-doppler-shift",,"#2784433468","46179","Elephant Research - Lobeke National Park (Cameroon) - Collar 46179"
27199244843,true,2004-06-22 04:30:40.000,16.072,2.108,"B","argos-doppler-shift",,"#2784433468","46179","Elephant Research - Lobeke National Park (Cameroon) - Collar 46179"
27199244844,true,2004-06-22 06:10:49.000,16.043,2.108,"B","argos-doppler-shift",,"#2784433468","46179","Elephant Research - Lobeke National Park (Cameroon) - Collar 46179"
27199244845,true,2004-06-22 07:29:05.000,16.048,2.114,"B","argos-doppler-shift",,"#2784433468","46179","Elephant Research - Lobeke National Park (Cameroon) - Collar 46179"
27199244846,true,2004-06-23 00:53:35.000,16.074,2.12,"3","argos-doppler-shift",,"#2784433468","46179","Elephant Research - Lobeke National Park (Cameroon) - Collar 46179"
27199244847,true,2004-06-23 02:33:13.000,16.078,2.132,"A","argos-doppler-shift",,"#2784433468","46179","Elephant Research - Lobeke National Park (Cameroon) - Collar 46179"
27199244848,true,2004-06-24 00:42:21.000,16.073,2.104,"3","argos-doppler-shift",,"#2784433468","46179","Elephant Research - Lobeke National Park (Cameroon) - Collar 46179"
27199244849,true,2004-06-24 05:24:28.000,15.909,2.146,"0","argos-doppler-shift",,"#2784433468","46179","Elephant Research - Lobeke National Park (Cameroon) - Collar 46179"
27199244850,true,2004-06-25 05:01:33.000,16.069,2.114,"3","argos-doppler-shift",,"#2784433468","46179","Elephant Research - Lobeke National Park (Cameroon) - Collar 46179"
27199244851,true,2004-06-26 00:19:24.000,16.072,2.119,"2","argos-doppler-shift",,"#2784433468","46179","Elephant Research - Lobeke National Park (Cameroon) - Collar 46179"
27199244852,true,2004-06-26 02:00:33.000,16.069,2.122,"3","argos-doppler-shift",,"#2784433468","46179","Elephant Research - Lobeke National Park (Cameroon) - Collar 46179"
27199244853,true,2004-06-26 02:52:55.000,16.072,2.121,"3","argos-doppler-shift",,"#2784433468","46179","Elephant Research - Lobeke National Park (Cameroon) - Collar 46179"
27199244854,true,2004-06-26 04:32:02.000,16.067,2.122,"3","argos-doppler-shift",,"#2784433468","46179","Elephant Research - Lobeke National Park (Cameroon) - Collar 46179"
27199244855,true,2004-06-26 04:35:36.000,16.076,2.118,"A","argos-doppler-shift",,"#2784433468","46179","Elephant Research - Lobeke National Park (Cameroon) - Collar 46179"
27199244856,true,2004-06-26 06:18:16.000,16.069,2.118,"2","argos-doppler-shift",,"#2784433468","46179","Elephant Research - Lobeke National Park (Cameroon) - Collar 46179"
27199244857,true,2004-06-26 06:39:37.000,16.077,2.12,"3","argos-doppler-shift",,"#2784433468","46179","Elephant Research - Lobeke National Park (Cameroon) - Collar 46179"
27199244858,true,2004-06-27 01:49:20.000,16.052,2.117,"3","argos-doppler-shift",,"#2784433468","46179","Elephant Research - Lobeke National Park (Cameroon) - Collar 46179"
27199244859,true,2004-06-27 05:52:49.000,16.053,2.112,"3","argos-doppler-shift",,"#2784433468","46179","Elephant Research - Lobeke National Park (Cameroon) - Collar 46179"
27199244860,true,2004-06-27 06:27:23.000,16.063,2.11,"A","argos-doppler-shift",,"#2784433468","46179","Elephant Research - Lobeke National Park (Cameroon) - Collar 46179"
27199244861,true,2004-06-28 01:37:05.000,16.047,2.124,"3","argos-doppler-shift",,"#2784433468","46179","Elephant Research - Lobeke National Park (Cameroon) - Collar 46179"
27199244862,true,2004-06-28 05:30:55.000,16.03,2.127,"2","argos-doppler-shift",,"#2784433468","46179","Elephant Research - Lobeke National Park (Cameroon) - Collar 46179"
27199244863,true,2004-06-28 06:14:07.000,16.034,2.119,"2","argos-doppler-shift",,"#2784433468","46179","Elephant Research - Lobeke National Park (Cameroon) - Collar 46179"
27199244864,true,2004-06-29 01:25:52.000,15.992,2.137,"3","argos-doppler-shift",,"#2784433468","46179","Elephant Research - Lobeke National Park (Cameroon) - Collar 46179"
27199244865,true,2004-06-29 05:05:58.000,15.987,2.134,"1","argos-doppler-shift",,"#2784433468","46179","Elephant Research - Lobeke National Park (Cameroon) - Collar 46179"
27199244866,true,2004-06-29 07:42:01.000,15.972,2.115,"B","argos-doppler-shift",,"#2784433468","46179","Elephant Research - Lobeke National Park (Cameroon) - Collar 46179"
27199244867,true,2004-07-01 01:03:25.000,15.979,2.131,"3","argos-doppler-shift",,"#2784433468","46179","Elephant Research - Lobeke National Park (Cameroon) - Collar 46179"
27199244868,true,2004-07-01 07:17:02.000,15.969,2.136,"A","argos-doppler-shift",,"#2784433468","46179","Elephant Research - Lobeke National Park (Cameroon) - Collar 46179"
27199244869,true,2004-07-02 00:52:12.000,15.974,2.123,"3","argos-doppler-shift",,"#2784433468","46179","Elephant Research - Lobeke National Park (Cameroon) - Collar 46179"
27199244870,true,2004-07-03 00:39:57.000,15.994,2.126,"B","argos-doppler-shift",,"#2784433468","46179","Elephant Research - Lobeke National Park (Cameroon) - Collar 46179"
27199244871,true,2004-07-03 05:11:54.000,15.993,2.112,"3","argos-doppler-shift",,"#2784433468","46179","Elephant Research - Lobeke National Park (Cameroon) - Collar 46179"
27199244872,true,2004-07-03 06:51:02.000,16.009,2.105,"2","argos-doppler-shift",,"#2784433468","46179","Elephant Research - Lobeke National Park (Cameroon) - Collar 46179"
27199244873,true,2004-07-04 00:29:45.000,16.017,2.14,"B","argos-doppler-shift",,"#2784433468","46179","Elephant Research - Lobeke National Park (Cameroon) - Collar 46179"
27199244874,true,2004-07-04 02:09:23.000,15.993,2.117,"A","argos-doppler-shift",,"#2784433468","46179","Elephant Research - Lobeke National Park (Cameroon) - Collar 46179"
27199244875,true,2004-07-04 02:56:09.000,15.998,2.132,"B","argos-doppler-shift",,"#2784433468","46179","Elephant Research - Lobeke National Park (Cameroon) - Collar 46179"
27199244876,true,2004-07-04 04:47:28.000,15.997,2.117,"3","argos-doppler-shift",,"#2784433468","46179","Elephant Research - Lobeke National Park (Cameroon) - Collar 46179"
27199244877,true,2004-07-05 04:12:21.000,15.977,2.123,"A","argos-doppler-shift",,"#2784433468","46179","Elephant Research - Lobeke National Park (Cameroon) - Collar 46179"
27199244878,true,2004-07-05 06:03:40.000,15.981,2.133,"B","argos-doppler-shift",,"#2784433468","46179","Elephant Research - Lobeke National Park (Cameroon) - Collar 46179"
27199244879,true,2004-07-05 06:25:01.000,15.987,2.129,"1","argos-doppler-shift",,"#2784433468","46179","Elephant Research - Lobeke National Park (Cameroon) - Collar 46179"
27199244880,true,2004-07-06 05:40:45.000,15.983,2.116,"3","argos-doppler-shift",,"#2784433468","46179","Elephant Research - Lobeke National Park (Cameroon) - Collar 46179"
27199244881,true,2004-07-06 06:13:48.000,15.989,2.119,"B","argos-doppler-shift",,"#2784433468","46179","Elephant Research - Lobeke National Park (Cameroon) - Collar 46179"
27199244882,true,2004-07-07 01:36:13.000,15.981,2.118,"3","argos-doppler-shift",,"#2784433468","46179","Elephant Research - Lobeke National Park (Cameroon) - Collar 46179"
27199244883,true,2004-07-07 05:18:51.000,15.999,2.11,"2","argos-doppler-shift",,"#2784433468","46179","Elephant Research - Lobeke National Park (Cameroon) - Collar 46179"
27199244884,true,2004-07-08 01:23:28.000,15.97,2.13,"2","argos-doppler-shift",,"#2784433468","46179","Elephant Research - Lobeke National Park (Cameroon) - Collar 46179"
27199244885,true,2004-07-08 04:52:54.000,15.991,2.126,"3","argos-doppler-shift",,"#2784433468","46179","Elephant Research - Lobeke National Park (Cameroon) - Collar 46179"
27199244886,true,2004-07-09 01:12:14.000,15.974,2.141,"3","argos-doppler-shift",,"#2784433468","46179","Elephant Research - Lobeke National Park (Cameroon) - Collar 46179"
27199244887,true,2004-07-09 04:14:13.000,15.958,2.147,"B","argos-doppler-shift",,"#2784433468","46179","Elephant Research - Lobeke National Park (Cameroon) - Collar 46179"
27199244888,true,2004-07-09 07:15:41.000,15.968,2.145,"B","argos-doppler-shift",,"#2784433468","46179","Elephant Research - Lobeke National Park (Cameroon) - Collar 46179"
27199244889,true,2004-07-10 01:00:31.000,15.97,2.153,"3","argos-doppler-shift",,"#2784433468","46179","Elephant Research - Lobeke National Park (Cameroon) - Collar 46179"
27199244890,true,2004-07-10 05:47:43.000,15.993,2.16,"2","argos-doppler-shift",,"#2784433468","46179","Elephant Research - Lobeke National Park (Cameroon) - Collar 46179"
27199244891,true,2004-07-10 07:03:27.000,15.983,2.156,"2","argos-doppler-shift",,"#2784433468","46179","Elephant Research - Lobeke National Park (Cameroon) - Collar 46179"
27199244892,true,2004-07-11 00:49:48.000,16.006,2.188,"2","argos-doppler-shift",,"#2784433468","46179","Elephant Research - Lobeke National Park (Cameroon) - Collar 46179"
27199244893,true,2004-07-11 06:48:09.000,16.02,2.161,"1","argos-doppler-shift",,"#2784433468","46179","Elephant Research - Lobeke National Park (Cameroon) - Collar 46179"
27199244894,true,2004-07-12 02:19:44.000,15.967,2.153,"A","argos-doppler-shift",,"#2784433468","46179","Elephant Research - Lobeke National Park (Cameroon) - Collar 46179"
27199244895,true,2004-07-12 04:59:20.000,15.968,2.151,"3","argos-doppler-shift",,"#2784433468","46179","Elephant Research - Lobeke National Park (Cameroon) - Collar 46179"
27199244896,true,2004-07-13 00:26:50.000,15.986,2.205,"B","argos-doppler-shift",,"#2784433468","46179","Elephant Research - Lobeke National Park (Cameroon) - Collar 46179"
27199244897,true,2004-07-13 04:15:35.000,15.954,2.2,"B","argos-doppler-shift",,"#2784433468","46179","Elephant Research - Lobeke National Park (Cameroon) - Collar 46179"
27199244898,true,2004-07-14 01:54:14.000,15.976,2.15,"B","argos-doppler-shift",,"#2784433468","46179","Elephant Research - Lobeke National Park (Cameroon) - Collar 46179"
27199244899,true,2004-07-14 05:52:38.000,15.959,2.139,"A","argos-doppler-shift",,"#2784433468","46179","Elephant Research - Lobeke National Park (Cameroon) - Collar 46179"
27199244900,true,2004-07-14 06:10:25.000,15.966,2.14,"B","argos-doppler-shift",,"#2784433468","46179","Elephant Research - Lobeke National Park (Cameroon) - Collar 46179"
27199244901,true,2004-07-15 01:45:02.000,15.953,2.165,"2","argos-doppler-shift",,"#2784433468","46179","Elephant Research - Lobeke National Park (Cameroon) - Collar 46179"
27199244902,true,2004-07-15 05:28:11.000,15.931,2.16,"3","argos-doppler-shift",,"#2784433468","46179","Elephant Research - Lobeke National Park (Cameroon) - Collar 46179"
27199244903,true,2004-07-15 07:39:20.000,15.965,2.15,"B","argos-doppler-shift",,"#2784433468","46179","Elephant Research - Lobeke National Park (Cameroon) - Collar 46179"
27199244904,true,2004-07-16 01:33:18.000,15.95,2.147,"2","argos-doppler-shift",,"#2784433468","46179","Elephant Research - Lobeke National Park (Cameroon) - Collar 46179"
27199244905,true,2004-07-16 05:04:15.000,15.979,2.137,"3","argos-doppler-shift",,"#2784433468","46179","Elephant Research - Lobeke National Park (Cameroon) - Collar 46179"
27199244906,true,2004-07-17 01:22:05.000,15.932,2.163,"A","argos-doppler-shift",,"#2784433468","46179","Elephant Research - Lobeke National Park (Cameroon) - Collar 46179"
27199244907,true,2004-07-17 07:14:51.000,15.957,2.142,"2","argos-doppler-shift",,"#2784433468","46179","Elephant Research - Lobeke National Park (Cameroon) - Collar 46179"
27199244908,true,2004-07-18 01:10:21.000,15.968,2.135,"2","argos-doppler-shift",,"#2784433468","46179","Elephant Research - Lobeke National Park (Cameroon) - Collar 46179"
27199244909,true,2004-07-18 05:57:33.000,15.948,2.132,"B","argos-doppler-shift",,"#2784433468","46179","Elephant Research - Lobeke National Park (Cameroon) - Collar 46179"
27199244910,true,2004-07-18 07:01:05.000,15.933,2.133,"2","argos-doppler-shift",,"#2784433468","46179","Elephant Research - Lobeke National Park (Cameroon) - Collar 46179"
27199244911,true,2004-07-19 00:59:07.000,15.954,2.142,"3","argos-doppler-shift",,"#2784433468","46179","Elephant Research - Lobeke National Park (Cameroon) - Collar 46179"
27199244912,true,2004-07-19 05:34:38.000,15.953,2.143,"2","argos-doppler-shift",,"#2784433468","46179","Elephant Research - Lobeke National Park (Cameroon) - Collar 46179"
27199244913,true,2004-07-19 06:48:20.000,15.97,2.154,"3","argos-doppler-shift",,"#2784433468","46179","Elephant Research - Lobeke National Park (Cameroon) - Collar 46179"
27199244914,true,2004-07-20 00:48:24.000,15.96,2.155,"B","argos-doppler-shift",,"#2784433468","46179","Elephant Research - Lobeke National Park (Cameroon) - Collar 46179"
27199244915,true,2004-07-20 05:09:11.000,15.969,2.14,"A","argos-doppler-shift",,"#2784433468","46179","Elephant Research - Lobeke National Park (Cameroon) - Collar 46179"
27199244916,true,2004-07-21 04:46:46.000,15.95,2.143,"3","argos-doppler-shift",,"#2784433468","46179","Elephant Research - Lobeke National Park (Cameroon) - Collar 46179"
27199244917,true,2004-07-21 06:23:21.000,15.954,2.153,"A","argos-doppler-shift",,"#2784433468","46179","Elephant Research - Lobeke National Park (Cameroon) - Collar 46179"
27199244918,true,2004-07-22 02:04:04.000,15.941,2.167,"B","argos-doppler-shift",,"#2784433468","46179","Elephant Research - Lobeke National Park (Cameroon) - Collar 46179"
27199244919,true,2004-07-22 03:53:52.000,15.93,2.156,"A","argos-doppler-shift",,"#2784433468","46179","Elephant Research - Lobeke National Park (Cameroon) - Collar 46179"
27199244920,true,2004-07-22 06:08:34.000,15.919,2.179,"B","argos-doppler-shift",,"#2784433468","46179","Elephant Research - Lobeke National Park (Cameroon) - Collar 46179"
27199244921,true,2004-07-23 01:52:20.000,15.956,2.161,"A","argos-doppler-shift",,"#2784433468","46179","Elephant Research - Lobeke National Park (Cameroon) - Collar 46179"
27199244922,true,2004-07-23 05:40:04.000,15.949,2.162,"2","argos-doppler-shift",,"#2784433468","46179","Elephant Research - Lobeke National Park (Cameroon) - Collar 46179"
27199244923,true,2004-07-24 01:43:09.000,15.951,2.145,"3","argos-doppler-shift",,"#2784433468","46179","Elephant Research - Lobeke National Park (Cameroon) - Collar 46179"
27199244924,true,2004-07-24 05:15:37.000,15.948,2.152,"2","argos-doppler-shift",,"#2784433468","46179","Elephant Research - Lobeke National Park (Cameroon) - Collar 46179"
27199244925,true,2004-07-25 01:31:25.000,15.923,2.16,"2","argos-doppler-shift",,"#2784433468","46179","Elephant Research - Lobeke National Park (Cameroon) - Collar 46179"
27199244926,true,2004-07-26 06:06:53.000,15.975,2.177,"B","argos-doppler-shift",,"#2784433468","46179","Elephant Research - Lobeke National Park (Cameroon) - Collar 46179"
27199244927,true,2004-07-27 01:08:27.000,15.944,2.168,"3","argos-doppler-shift",,"#2784433468","46179","Elephant Research - Lobeke National Park (Cameroon) - Collar 46179"
27199244928,true,2004-07-27 05:44:59.000,15.938,2.164,"3","argos-doppler-shift",,"#2784433468","46179","Elephant Research - Lobeke National Park (Cameroon) - Collar 46179"
27199244929,true,2004-07-27 06:47:00.000,15.949,2.161,"3","argos-doppler-shift",,"#2784433468","46179","Elephant Research - Lobeke National Park (Cameroon) - Collar 46179"
27199244930,true,2004-07-28 00:56:13.000,15.905,2.144,"3","argos-doppler-shift",,"#2784433468","46179","Elephant Research - Lobeke National Park (Cameroon) - Collar 46179"
27199244931,true,2004-07-29 00:45:30.000,15.95,2.129,"A","argos-doppler-shift",,"#2784433468","46179","Elephant Research - Lobeke National Park (Cameroon) - Collar 46179"
27199244932,true,2004-07-29 04:57:37.000,15.941,2.152,"2","argos-doppler-shift",,"#2784433468","46179","Elephant Research - Lobeke National Park (Cameroon) - Collar 46179"
27199244933,true,2004-07-29 06:19:58.000,15.941,2.171,"B","argos-doppler-shift",,"#2784433468","46179","Elephant Research - Lobeke National Park (Cameroon) - Collar 46179"
27199244934,true,2004-07-31 05:50:24.000,15.89,2.241,"A","argos-doppler-shift",,"#2784433468","46179","Elephant Research - Lobeke National Park (Cameroon) - Collar 46179"
27199244935,true,2004-07-31 07:36:39.000,15.882,2.248,"B","argos-doppler-shift",,"#2784433468","46179","Elephant Research - Lobeke National Park (Cameroon) - Collar 46179"
27199244936,true,2004-08-01 01:52:59.000,15.767,2.324,"3","argos-doppler-shift",,"#2784433468","46179","Elephant Research - Lobeke National Park (Cameroon) - Collar 46179"
27199244937,true,2004-08-01 05:26:28.000,15.763,2.334,"A","argos-doppler-shift",,"#2784433468","46179","Elephant Research - Lobeke National Park (Cameroon) - Collar 46179"
27199244938,true,2004-08-01 07:22:53.000,15.789,2.33,"3","argos-doppler-shift",,"#2784433468","46179","Elephant Research - Lobeke National Park (Cameroon) - Collar 46179"
27199244939,true,2004-08-02 01:41:15.000,15.789,2.336,"3","argos-doppler-shift",,"#2784433468","46179","Elephant Research - Lobeke National Park (Cameroon) - Collar 46179"
27199244940,true,2004-08-02 05:02:02.000,15.799,2.336,"3","argos-doppler-shift",,"#2784433468","46179","Elephant Research - Lobeke National Park (Cameroon) - Collar 46179"
27199244941,true,2004-08-02 07:11:09.000,15.793,2.34,"2","argos-doppler-shift",,"#2784433468","46179","Elephant Research - Lobeke National Park (Cameroon) - Collar 46179"
27199244942,true,2004-08-03 01:29:31.000,15.779,2.325,"2","argos-doppler-shift",,"#2784433468","46179","Elephant Research - Lobeke National Park (Cameroon) - Collar 46179"
27199244943,true,2004-08-03 04:41:09.000,15.816,2.33,"A","argos-doppler-shift",,"#2784433468","46179","Elephant Research - Lobeke National Park (Cameroon) - Collar 46179"
27199244944,true,2004-08-03 06:58:24.000,15.839,2.322,"1","argos-doppler-shift",,"#2784433468","46179","Elephant Research - Lobeke National Park (Cameroon) - Collar 46179"
27199244945,true,2004-08-04 01:17:16.000,15.877,2.316,"2","argos-doppler-shift",,"#2784433468","46179","Elephant Research - Lobeke National Park (Cameroon) - Collar 46179"
27199244946,true,2004-08-04 05:56:20.000,15.842,2.296,"A","argos-doppler-shift",,"#2784433468","46179","Elephant Research - Lobeke National Park (Cameroon) - Collar 46179"
27199244947,true,2004-08-04 06:45:39.000,15.86,2.287,"B","argos-doppler-shift",,"#2784433468","46179","Elephant Research - Lobeke National Park (Cameroon) - Collar 46179"
27199244948,true,2004-08-05 01:04:32.000,15.892,2.276,"3","argos-doppler-shift",,"#2784433468","46179","Elephant Research - Lobeke National Park (Cameroon) - Collar 46179"
27199244949,true,2004-08-05 05:31:54.000,15.881,2.277,"2","argos-doppler-shift",,"#2784433468","46179","Elephant Research - Lobeke National Park (Cameroon) - Collar 46179"
27199244950,true,2004-08-05 06:31:53.000,15.906,2.274,"1","argos-doppler-shift",,"#2784433468","46179","Elephant Research - Lobeke National Park (Cameroon) - Collar 46179"
27199244951,true,2004-08-06 00:55:20.000,15.993,2.296,"A","argos-doppler-shift",,"#2784433468","46179","Elephant Research - Lobeke National Park (Cameroon) - Collar 46179"
27199244952,true,2004-08-06 05:08:29.000,16.004,2.295,"3","argos-doppler-shift",,"#2784433468","46179","Elephant Research - Lobeke National Park (Cameroon) - Collar 46179"
27199244953,true,2004-08-06 06:19:08.000,15.998,2.296,"1","argos-doppler-shift",,"#2784433468","46179","Elephant Research - Lobeke National Park (Cameroon) - Collar 46179"
27199244954,true,2004-08-07 00:42:35.000,15.992,2.287,"2","argos-doppler-shift",,"#2784433468","46179","Elephant Research - Lobeke National Park (Cameroon) - Collar 46179"
27199244955,true,2004-08-07 03:59:49.000,15.983,2.28,"A","argos-doppler-shift",,"#2784433468","46179","Elephant Research - Lobeke National Park (Cameroon) - Collar 46179"
27199244956,true,2004-08-07 04:46:04.000,15.991,2.278,"2","argos-doppler-shift",,"#2784433468","46179","Elephant Research - Lobeke National Park (Cameroon) - Collar 46179"
27199244957,true,2004-08-07 06:22:39.000,15.999,2.286,"B","argos-doppler-shift",,"#2784433468","46179","Elephant Research - Lobeke National Park (Cameroon) - Collar 46179"
27199244958,true,2004-08-08 03:35:53.000,16.034,2.283,"2","argos-doppler-shift",,"#2784433468","46179","Elephant Research - Lobeke National Park (Cameroon) - Collar 46179"
27199244959,true,2004-08-08 05:59:14.000,16.028,2.283,"A","argos-doppler-shift",,"#2784433468","46179","Elephant Research - Lobeke National Park (Cameroon) - Collar 46179"
27199244960,true,2004-08-08 07:32:15.000,16.041,2.286,"B","argos-doppler-shift",,"#2784433468","46179","Elephant Research - Lobeke National Park (Cameroon) - Collar 46179"
27199244961,true,2004-08-09 03:11:26.000,16.01,2.281,"A","argos-doppler-shift",,"#2784433468","46179","Elephant Research - Lobeke National Park (Cameroon) - Collar 46179"
27199244962,true,2004-08-09 05:37:50.000,16.002,2.279,"3","argos-doppler-shift",,"#2784433468","46179","Elephant Research - Lobeke National Park (Cameroon) - Collar 46179"
27199244963,true,2004-08-10 01:50:04.000,16.013,2.271,"B","argos-doppler-shift",,"#2784433468","46179","Elephant Research - Lobeke National Park (Cameroon) - Collar 46179"
27199244964,true,2004-08-10 05:13:24.000,16.032,2.267,"3","argos-doppler-shift",,"#2784433468","46179","Elephant Research - Lobeke National Park (Cameroon) - Collar 46179"
27199244965,true,2004-08-10 07:09:18.000,16.005,2.264,"3","argos-doppler-shift",,"#2784433468","46179","Elephant Research - Lobeke National Park (Cameroon) - Collar 46179"
27199244966,true,2004-08-11 01:37:19.000,16.008,2.288,"3","argos-doppler-shift",,"#2784433468","46179","Elephant Research - Lobeke National Park (Cameroon) - Collar 46179"
27199244967,true,2004-08-11 04:01:10.000,16.007,2.286,"3","argos-doppler-shift",,"#2784433468","46179","Elephant Research - Lobeke National Park (Cameroon) - Collar 46179"
27199244968,true,2004-08-11 06:55:32.000,16.039,2.274,"2","argos-doppler-shift",,"#2784433468","46179","Elephant Research - Lobeke National Park (Cameroon) - Collar 46179"
27199244969,true,2004-08-12 01:27:37.000,16.012,2.297,"2","argos-doppler-shift",,"#2784433468","46179","Elephant Research - Lobeke National Park (Cameroon) - Collar 46179"
27199244970,true,2004-08-12 06:43:17.000,16.03,2.292,"2","argos-doppler-shift",,"#2784433468","46179","Elephant Research - Lobeke National Park (Cameroon) - Collar 46179"
