,timestamp,location-lat,location-long,tag-local-identifier
0,2024-09-12 12:00:00,21.288498,-157.9258,204413
53,2024-09-13 12:00:00,21.284702,-157.94914,204413
98,2024-09-14 12:00:00,25.6706,-136.5609,204413
109,2024-09-15 12:00:00,21.316645,-157.5967,204413
153,2024-09-17 12:00:00,21.291552,-158.12462,204413
173,2024-09-18 12:00:00,21.552826,-158.25763,204413
185,2024-09-19 12:00:00,21.701792,-158.51321,204413
208,2024-09-20 12:00:00,22.0065,-158.8856,204413
263,2024-09-21 12:00:00,21.7891,-159.7173,204413
