timestamp,location-lat,location-long,tag-local-identifier
2025-01-08 12:00:00,21.730728,-157.97658,204414
2025-01-09 12:00:00,21.69912,-158.07014,204414
2025-01-10 12:00:00,21.69912,-158.07014,204414
2025-01-11 12:00:00,21.699947,-158.08562,204414
2025-01-13 12:00:00,21.7115,-158.0415,204414
2025-01-14 12:00:00,21.6518,-158.1037,204414
2025-01-17 12:00:00,21.6987,-157.9018,204414
2025-01-17 12:00:00,21.7505,-157.9787,204414
2025-01-18 12:00:00,21.7261,-158.0581,204414
2025-01-19 12:00:00,21.764051,-157.94583,204414
2025-01-19 12:00:00,21.764051,-157.94583,204414
2025-01-19 12:00:00,21.769194,-157.96457,204414
2025-01-19 12:00:00,21.7547,-157.9891,204414
2025-01-19 12:00:00,21.723,-158.1227,204414
2025-01-20 12:00:00,21.723,-158.1227,204414
2025-01-20 12:00:00,21.747036,-158.02576,204414
2025-01-22 12:00:00,21.756,-158.0682,204414
2025-01-27 12:00:00,21.728594,-157.86996,204414
2025-01-28 12:00:00,21.7001,-158.0519,204414
2025-01-30 12:00:00,21.731403,-157.97032,204414
2025-01-30 12:00:00,21.6088,-157.8835,204414
2025-02-01 12:00:00,21.6701,-157.9172,204414
2025-02-04 12:00:00,21.7442,-158.0674,204414
2025-02-04 12:00:00,21.7442,-158.0674,204414
2025-02-05 12:00:00,21.555141,-158.26073,204414
2025-02-08 12:00:00,21.555141,-158.26073,204414
2025-02-09 12:00:00,21.4886,-157.8443,204414
2025-02-17 12:00:00,21.6621,-158.0237,204414
2025-02-28 12:00:00,21.7299,-158.0383,204414
2025-03-15 12:00:00,21.6649,-157.9305,204414
2025-03-18 12:00:00,21.6649,-157.9305,204414
2025-04-18 12:00:00,21.591,-157.8446,204414
2025-02-23 12:00:00,21.628057,-158.14476,204416
2025-02-27 12:00:00,21.628057,-158.14476,204416
2025-03-02 12:00:00,21.628057,-158.14476,204416
2025-03-03 12:00:00,21.393818,-158.17879,204416
2025-03-03 12:00:00,21.456047,-158.2218,204416
2025-03-03 12:00:00,21.42969,-158.19933,204416
2025-03-04 12:00:00,21.364782,-158.23659,204416
2025-03-08 12:00:00,21.394672,-158.18962,204416
2025-03-13 12:00:00,21.394672,-158.18962,204416
2025-03-14 12:00:00,21.535082,-158.28053,204416
2025-03-16 12:00:00,21.535082,-158.28053,204416
2025-03-17 12:00:00,21.223818,-157.97467,204416
2025-03-18 12:00:00,21.223818,-157.97467,204416
2025-03-23 12:00:00,21.223818,-157.97467,204416
2025-03-24 12:00:00,21.223818,-157.97467,204416
2025-03-24 12:00:00,21.223818,-157.97467,204416
2025-03-26 12:00:00,21.274567,-158.04224,204416
2025-03-26 12:00:00,21.274567,-158.04224,204416
2025-03-27 12:00:00,21.542913,-158.26543,204416
2025-03-28 12:00:00,21.619116,-158.28856,204416
2025-03-30 12:00:00,21.511883,-158.28084,204416
2025-03-30 12:00:00,21.319595,-158.16292,204416
2025-03-30 12:00:00,21.319595,-158.16292,204416
2025-03-30 12:00:00,21.319595,-158.16292,204416
2025-04-02 12:00:00,21.319595,-158.16292,204416
2025-04-04 12:00:00,21.319595,-158.16292,204416
2025-04-06 12:00:00,21.432703,-158.19891,204416
2025-04-07 12:00:00,21.43803,-158.20216,204416
2025-04-08 12:00:00,21.43803,-158.20216,204416
2025-04-09 12:00:00,21.43803,-158.20216,204416
2025-04-10 12:00:00,21.43803,-158.20216,204416
2025-04-11 12:00:00,21.327038,-158.15686,204416
2025-04-15 12:00:00,21.429049,-158.18423,204416
2025-04-28 12:00:00,21.47119,-158.24622,204416
2025-04-28 12:00:00,21.489243,-158.29169,204416
2025-04-29 12:00:00,21.524254,-158.28978,204416
2025-04-29 12:00:00,21.528261,-158.28992,204416
2025-04-29 12:00:00,21.528261,-158.28992,204416
2025-04-30 12:00:00,21.544884,-158.29153,204416
2025-04-30 12:00:00,21.494593,-158.2752,204416
2025-04-30 12:00:00,21.494593,-158.2752,204416
2025-04-30 12:00:00,21.488699,-158.28154,204416
2025-05-01 12:00:00,21.488699,-158.28154,204416
2025-05-01 12:00:00,21.464888,-158.25551,204416
2025-05-01 12:00:00,21.31733,-158.18414,204416
2025-05-03 12:00:00,21.31733,-158.18414,204416
2025-05-05 12:00:00,21.31733,-158.18414,204416
2025-05-07 12:00:00,21.384457,-158.1634,204416
2025-05-08 12:00:00,21.533401,-158.31769,204416
2025-05-09 12:00:00,21.422813,-158.22043,204416
2025-05-09 12:00:00,21.422813,-158.22043,204416
2025-05-10 12:00:00,21.495121,-158.24467,204416
2025-05-12 12:00:00,21.420906,-158.19669,204416
2025-05-12 12:00:00,21.420906,-158.19669,204416
2025-05-13 12:00:00,21.516876,-158.37328,204416
2025-05-14 12:00:00,21.516876,-158.37328,204416
2025-05-15 12:00:00,21.516876,-158.37328,204416
2025-05-16 12:00:00,21.596045,-158.30899,204416
2025-05-17 12:00:00,21.596045,-158.30899,204416
2025-05-19 12:00:00,21.599855,-158.22293,204416
2025-05-20 12:00:00,21.599855,-158.22293,204416
2025-05-22 12:00:00,21.384907,-158.22365,204416
2025-05-23 12:00:00,21.52618,-158.27168,204416
2025-05-23 12:00:00,21.52618,-158.27168,204416
2025-05-23 12:00:00,21.26017,-158.13339,204416
2025-05-24 12:00:00,21.455574,-158.22241,204416
2025-05-25 12:00:00,21.464445,-158.25833,204416
2025-05-26 12:00:00,21.372152,-158.16638,204416
2025-05-29 12:00:00,21.40465,-158.21536,204416
2025-05-29 12:00:00,21.40465,-158.21536,204416
2025-05-29 12:00:00,21.378601,-158.19226,204416
2025-05-30 12:00:00,21.530254,-158.29497,204416
2025-05-30 12:00:00,21.530254,-158.29497,204416
2025-06-05 12:00:00,21.36874,-158.17702,204416
2025-06-06 12:00:00,21.501348,-158.26988,204416
2025-06-07 12:00:00,21.376179,-158.15045,204416
2025-06-07 12:00:00,21.376179,-158.15045,204416
2025-06-08 12:00:00,21.364023,-158.20415,204416
2025-06-08 12:00:00,21.389347,-158.19044,204416
2025-06-12 12:00:00,21.560514,-158.27448,204416
2025-06-13 12:00:00,21.435873,-158.21507,204416
2025-06-13 12:00:00,21.435873,-158.21507,204416
2025-06-14 12:00:00,21.346548,-158.14954,204416
2025-06-14 12:00:00,21.346548,-158.14954,204416
2025-06-16 12:00:00,21.269215,-158.1393,204416
2025-06-16 12:00:00,21.269215,-158.1393,204416
2025-06-17 12:00:00,21.265423,-158.06021,204416
2025-06-18 12:00:00,21.419147,-158.23833,204416
2025-06-18 12:00:00,21.511383,-158.2689,204416
2025-06-18 12:00:00,21.511383,-158.2689,204416
2025-06-18 12:00:00,21.367855,-158.19305,204416
2025-06-20 12:00:00,21.367855,-158.19305,204416
2025-06-21 12:00:00,21.367855,-158.19305,204416
2025-06-22 12:00:00,21.367855,-158.19305,204416
2025-06-23 12:00:00,21.558546,-158.3136,204416
2025-06-25 12:00:00,21.558546,-158.3136,204416
2025-06-29 12:00:00,21.391356,-158.21675,204416
2025-06-29 12:00:00,21.391356,-158.21675,204416
2025-06-30 12:00:00,21.391356,-158.21675,204416
2025-07-03 12:00:00,21.391356,-158.21675,204416
2025-07-04 12:00:00,21.420113,-158.20532,204416
2025-07-04 12:00:00,21.420113,-158.20532,204416
2025-07-05 12:00:00,21.420113,-158.20532,204416
2025-07-12 12:00:00,21.564764,-158.31949,204416
2025-07-15 12:00:00,21.559708,-158.32172,204416
2025-07-16 12:00:00,21.559708,-158.32172,204416
2025-07-18 12:00:00,21.559708,-158.32172,204416
2025-07-21 12:00:00,21.559092,-158.33778,204416
2025-07-21 12:00:00,21.559092,-158.33778,204416
2025-07-23 12:00:00,21.37189,-158.19934,204416
2025-07-24 12:00:00,21.37189,-158.19934,204416
2025-07-27 12:00:00,21.37189,-158.19934,204416
2025-07-27 12:00:00,21.37189,-158.19934,204416
2025-07-27 12:00:00,21.37189,-158.19934,204416
2025-07-27 12:00:00,21.338596,-158.17712,204416
2025-07-27 12:00:00,21.338596,-158.17712,204416
2025-07-28 12:00:00,21.459934,-158.23106,204416
2025-07-28 12:00:00,21.459934,-158.23106,204416
2025-07-30 12:00:00,21.442698,-158.25114,204416
2025-07-31 12:00:00,21.442698,-158.25114,204416
2025-07-31 12:00:00,21.442698,-158.25114,204416
2025-08-01 12:00:00,21.61269,-158.25282,204416
2025-08-01 12:00:00,21.61269,-158.25282,204416
2025-08-04 12:00:00,21.547323,-158.2986,204416
2025-08-05 12:00:00,21.412188,-158.23724,204416
2025-08-08 12:00:00,21.412188,-158.23724,204416
2025-08-09 12:00:00,21.412188,-158.23724,204416
2025-08-09 12:00:00,21.412188,-158.23724,204416
2025-08-12 12:00:00,21.412188,-158.23724,204416
2025-08-15 12:00:00,21.426851,-158.25244,204416
2025-08-22 12:00:00,21.426851,-158.25244,204416
2025-08-22 12:00:00,21.367569,-158.22119,204416
2025-08-23 12:00:00,21.282475,-158.16795,204416
2025-08-23 12:00:00,21.282475,-158.16795,204416
2025-08-24 12:00:00,21.282475,-158.16795,204416
2025-08-25 12:00:00,21.282475,-158.16795,204416
2025-08-25 12:00:00,21.453457,-158.25533,204416
2025-08-25 12:00:00,21.453457,-158.25533,204416
2025-08-26 12:00:00,21.480982,-158.25885,204416
2025-08-29 12:00:00,21.480982,-158.25885,204416
2025-08-30 12:00:00,21.480982,-158.25885,204416
2025-09-01 12:00:00,21.400442,-158.19649,204416
2025-09-01 12:00:00,21.400442,-158.19649,204416
2025-09-06 12:00:00,21.500778,-158.24567,204416
2025-09-08 12:00:00,21.445915,-158.21103,204416
2025-09-09 12:00:00,21.445915,-158.21103,204416
2025-09-09 12:00:00,21.445915,-158.21103,204416
2025-09-10 12:00:00,21.376118,-158.15804,204416
2025-09-17 12:00:00,21.28617,-158.15092,204416
2025-09-20 12:00:00,21.360584,-158.29247,204416
2025-09-20 12:00:00,21.360584,-158.29247,204416
2025-09-21 12:00:00,21.33486,-158.18176,204416
2025-09-21 12:00:00,21.33486,-158.18176,204416
2025-09-22 12:00:00,21.357656,-158.18796,204416
2025-04-04 12:00:00,21.8776,-158.1625,285442
2025-04-05 12:00:00,21.763897,-158.37813,285442
2025-04-05 12:00:00,21.6752,-158.6185,285442
2025-04-05 12:00:00,21.556,-158.628,285442
2025-04-06 12:00:00,21.601294,-158.32863,285442
2025-04-09 12:00:00,21.788,-158.0336,285442
2025-04-10 12:00:00,21.763538,-158.0322,285442
2025-04-11 12:00:00,21.8063,-158.0273,285442
2025-04-13 12:00:00,21.888546,-157.96814,285442
2025-04-14 12:00:00,22.092283,-158.07458,285442
2025-04-14 12:00:00,22.177387,-158.19357,285442
2025-04-20 12:00:00,21.6181,-157.8483,285442
2025-04-29 12:00:00,21.5048,-157.819,285442
2025-05-01 12:00:00,21.5377,-157.8215,285442
2025-05-17 12:00:00,20.9771,-157.718,285442
2025-06-05 12:00:00,21.48316,-157.79353,285442
2025-06-18 12:00:00,21.163,-157.6269,285442
2025-06-24 12:00:00,21.2433,-156.955,285442
2025-07-05 12:00:00,21.6878,-158.0747,285442
